<?xml version='1.0' encoding='UTF-8'?>
<beans xmlns="http://www.springframework.org/schema/beans"
       xmlns:xsi="http://www.w3.org/2001/XMLSchema-instance"
       xsi:schemaLocation="http://www.springframework.org/schema/beans
          http://www.springframework.org/schema/beans/spring-beans-2.0.xsd">

    <!-- The bootstrap-context.xml file is used for patch definitions, importers, 
		 workflow, and loading custom content models.  -->


    <!-- Registration of new models -->
    <bean id="com.testing.dictionaryBootstrap" parent="dictionaryModelBootstrap" depends-on="dictionaryBootstrap">
        <property name="models">
            <list>
                <value>alfresco/module/${project.artifactId}/model/content-model.xml</value>
                <value>alfresco/module/${project.artifactId}/model/workflow-model.xml</value>
                <value>alfresco/module/${project.artifactId}/model/scWorkflowModel.xml</value>
                <value>alfresco/module/${project.artifactId}/model/invoice-workflow-model.xml</value>
            </list>
        </property>
    </bean>
	
	
		<!-- Alfresco Repository Action identified by the Spring Bean ID -->
	<bean id="send-as-email"
		  class="org.alfresco.tutorial.repoaction.SendAsEmailActionExecuter"
		  parent="action-executer">
		<property name="serviceRegistry">
			<ref bean="ServiceRegistry" />
		</property>
	</bean>


</beans>
