<?xml version='1.0' encoding='UTF-8'?>
<!DOCTYPE beans PUBLIC '-//SPRING//DTD BEAN//EN' 'http://www.springframework.org/dtd/spring-beans.dtd'>
<!--
	Licensed to the Apache Software Foundation (ASF) under one or more
	contributor license agreements.  See the NOTICE file distributed with
	this work for additional information regarding copyright ownership.
	The ASF licenses this file to You under the Apache License, Version 2.0
	(the "License"); you may not use this file except in compliance with
	the License.  You may obtain a copy of the License at
	
	http://www.apache.org/licenses/LICENSE-2.0
	
	Unless required by applicable law or agreed to in writing, software
	distributed under the License is distributed on an "AS IS" BASIS,
	WITHOUT WARRANTIES OR CONDITIONS OF ANY KIND, either express or implied.
	See the License for the specific language governing permissions and
	limitations under the License.
-->
<beans>
	
	<bean id="extracter.PDFBox" class="org.alfresco.repo.content.metadata.PdfBoxMetadataExtracter"
       parent="baseMetadataExtracter">
     <property name="documentSelector" ref="pdfBoxEmbededDocumentSelector" />
     <property name="inheritDefaultMapping">
         <value>false</value>
     </property>
     <property name="mappingProperties">
         <props>
             <prop key="namespace.prefix.cm">http://www.alfresco.org/model/content/1.0</prop>
             <prop key="namespace.prefix.acme">http://www.acme.org/model/content/1.0</prop>
             <prop key="author">cm:author</prop>
             <prop key="subject">cm:title</prop>
             <prop key="Keywords">cm:description</prop>
             <prop key="DocumentId">acme:documentId</prop>
         </props>
     </property>
 </bean>
	
	
</beans>
