<?xml version="1.0" encoding="UTF-8"?>
<model name="zs:contentModel" xmlns="http://www.alfresco.org/model/dictionary/1.0">

	<!-- Optional meta-data about the model -->
	<description>Document Model for Repo Extension X</description>
	<author>My Name</author>
	<version>1.0</version>

	<imports>
		<!-- Import Alfresco Dictionary Definitions -->
		<import uri="http://www.alfresco.org/model/dictionary/1.0"
			prefix="d" />
		<!-- Import Alfresco Content Domain Model Definitions -->
		<import uri="http://www.alfresco.org/model/content/1.0" prefix="cm" />
		<!-- Import Alfresco System Model Definitions -->
		<import uri="http://www.alfresco.org/model/system/1.0" prefix="sys" />
	</imports>

	<!-- Custom namespace for your domain -->
	<namespaces>
		<namespace uri="http://www.zoftsolutions.com" prefix="zs" />
	</namespaces>

	<!-- =============================================================================================================== 
		Constraints, Types, and Aspects go here... -->

	<types>
		<type name="zs:offerLetter">
			<title>Offer Letter Details</title>
			<parent>cm:content</parent>
			<properties>
				<property name="zs:technology">
					<title>technology</title>
					<type>d:text</type>
					<mandatory>false</mandatory>
					<multiple>true</multiple>
					<default>Java</default>
					<index enabled="true">
						<tokenised>TRUE</tokenised>
						<facetable>false</facetable>
					</index>
				</property>
				<property name="zs:salary">
					<title>Sallary</title>
					<type>d:int</type>
					<mandatory>false</mandatory>
					<index enabled="true">
						<tokenised>TRUE</tokenised>
					</index>
				</property>
			</properties>
		</type>
       </types>

		<aspects>
			<aspect name="zs:employeeDetails">
				<title>EmployeeDetails</title>
				<description>EmployeeDetails</description>
				<properties>
					<property name="zs:employeeName">
						<title>EmployeeName</title>
						<type>d:text</type>
						<mandatory>false</mandatory>
						<index enabled="true">
							<tokenised>TRUE</tokenised>
							<facetable>false</facetable>
						</index>
					</property>
					<property name="zs:education">
						<title>education</title>
						<description>education</description>
						<type>d:text</type>
						<mandatory>false</mandatory>
						<index enabled="true">
							<tokenised>TRUE</tokenised>
							<facetable>false</facetable>
						</index>
					</property>
				</properties>
			</aspect>
		</aspects>
	


</model>