<!-- Share configuration related to this particular Share module extension, such as:
     - Doclib action config
     - Form config
     - Aspect and Type config

    Note. Any configuration related to the whole Share.war webapp
           (i.e. not specific to this share extension) should be
            placed in the environment specific config:
             alfresco/tomcat/shared/classes/alfresco/web-extension/share-config-custom.xml file
     -->
<alfresco-config>

   <config evaluator="string-compare" condition="Remote">
      <remote>
         <endpoint>
            <id>alfresco-noauth</id>
            <name>Alfresco - unauthenticated access</name>
            <description>Access to Alfresco Repository WebScripts that do not require authentication</description>
            <connector-id>alfresco</connector-id>
            <endpoint-url>http://localhost:8080/alfresco/s</endpoint-url>
            <identity>none</identity>
         </endpoint>

         <endpoint>
            <id>alfresco</id>
            <name>Alfresco - user access</name>
            <description>Access to Alfresco Repository WebScripts that require user authentication</description>
            <connector-id>alfresco</connector-id>
            <endpoint-url>http://localhost:8080/alfresco/s</endpoint-url>
            <identity>user</identity>
         </endpoint>

         <endpoint>
            <id>alfresco-feed</id>
            <name>Alfresco Feed</name>
            <description>Alfresco Feed - supports basic HTTP authentication via the EndPointProxyServlet</description>
            <connector-id>http</connector-id>
            <endpoint-url>http://localhost:8080/alfresco/s</endpoint-url>
            <basic-auth>true</basic-auth>
            <identity>user</identity>
         </endpoint>
         
         <endpoint>
            <id>alfresco-api</id>
            <parent-id>alfresco</parent-id>
            <name>Alfresco Public API - user access</name>
            <description>Access to Alfresco Repository Public API that require user authentication.
                         This makes use of the authentication that is provided by parent 'alfresco' endpoint.</description>
            <connector-id>alfresco</connector-id>
            <endpoint-url>http://localhost:8080/alfresco/api</endpoint-url>
            <identity>user</identity>
         </endpoint>
      </remote>
   </config>
   
   
 
  <!-- cm:content type (existing nodes) -->
   <config evaluator="node-type" condition="zs:offerLetter">
      <forms>
         <!-- Default form configuration for the cm:content type -->
         <form>
            <field-visibility>
               <show id="cm:name" />
               <show id="cm:title" force="true" />
               <show id="cm:description" force="true" />
               <show id="mimetype" />
               <show id="cm:author" force="true" />
               <show id="size" for-mode="view" />
               <show id="cm:creator" for-mode="view" />
               <show id="cm:created" for-mode="view" />
               <show id="cm:modifier" for-mode="view" />
               <show id="cm:modified" for-mode="view" />
               
               <!-- tags and categories -->
               <show id="cm:taggable" for-mode="edit" force="true" />
               <show id="cm:categories" />
               
               <!-- cm:dublincore aspect -->
               <show id="cm:publisher"/>
               <show id="cm:contributor"/>
               <show id="cm:type"/>
               <show id="cm:identifier"/>
               <show id="cm:dcsource"/>
               <show id="cm:coverage"/>
               <show id="cm:rights"/>
               <show id="cm:subject"/>
               
               <!-- cm:complianceable aspect -->
               <show id="cm:removeAfter" />
               
               <!-- cm:effectivity aspect -->
               <show id="cm:from"/>
               <show id="cm:to"/>
               
               <!--  cm:summarizable aspect -->
               <show id="cm:summary" />
               
               <!-- cm:translatable aspect -->
               <show id="cm:translations" />
               
               <!-- cm:localizable aspect -->
               <show id="cm:locale" />
               
               <!-- cm:ownable aspect -->
               <show id="cm:owner" />
               
               <!-- cm:attachable aspect -->
               <show id="cm:attachments" />
               
               <!-- cm:emailed aspect -->
               <show id="cm:originator" />
               <show id="cm:addressee" />
               <show id="cm:addressees" />
               <show id="cm:sentdate" />
               <show id="cm:subjectline" />
               
               <!-- exif:exif aspect -->
               <show id="exif:dateTimeOriginal" />
               <show id="exif:pixelXDimension" />
               <show id="exif:pixelYDimension" />
               <show id="exif:exposureTime" />
               <show id="exif:fNumber" />
               <show id="exif:flash" />
               <show id="exif:focalLength" />
               <show id="exif:isoSpeedRatings" />
               <show id="exif:manufacturer" />
               <show id="exif:model" />
               <show id="exif:software" />
               <show id="exif:orientation" />
               <show id="exif:xResolution" />
               <show id="exif:yResolution" />
               <show id="exif:resolutionUnit" />

               <!-- audio:audio aspect -->
               <show id="audio:album" />
               <show id="audio:artist" />
               <show id="audio:composer" />
               <show id="audio:engineer" />
               <show id="audio:genre" />
               <show id="audio:trackNumber" />
               <show id="audio:releaseDate" />
               <show id="audio:sampleRate" />
               <show id="audio:sampleType" />
               <show id="audio:channelType" />
               <show id="audio:compressor" />
               
               <!-- cm:indexControl aspect -->
               <show id="cm:isIndexed" />
               <show id="cm:isContentIndexed" />
               
               <!-- cm:geographic aspect -->
               <show id="cm:latitude" />
               <show id="cm:longitude" />
               
               <!-- surf:widget aspect -->
               <show id="surf:widgetType"/>
               <show id="surf:mid"/>
               <show id="surf:label"/>
               
               
               <show id="zs:technology"/>
               <show id="zs:salary"/>
               
            </field-visibility>
            <appearance>
               <field id="cm:name">
                 <control>
                    <control-param name="maxLength">255</control-param>
                 </control>
               </field>
               <field id="cm:title">
                  <control template="/org/alfresco/components/form/controls/textfield.ftl" />
               </field>
               <field id="cm:description">
                  <control>
                     <control-param name="activateLinks">true</control-param>
                  </control>
               </field>
               <field id="mimetype">
                  <control template="/org/alfresco/components/form/controls/mimetype.ftl" />
               </field>
               <field id="size">
                  <control template="/org/alfresco/components/form/controls/size.ftl" />
               </field>
               <field id="cm:taggable">
                  <control>
                     <control-param name="compactMode">true</control-param>
                     <control-param name="params">aspect=cm:taggable</control-param>
                     <control-param name="createNewItemUri">/api/tag/workspace/SpacesStore</control-param>
                     <control-param name="createNewItemIcon">tag</control-param>
                  </control>
               </field>
               <field id="cm:categories">
                  <control>
                     <control-param name="compactMode">true</control-param>
                  </control>
               </field>
               <field id="cm:originator" read-only="true" />
               <field id="cm:addressee" read-only="true" />
               <field id="cm:addressees" read-only="true" />
               <field id="cm:sentdate" read-only="true" />
               <field id="cm:subjectline" read-only="true" />
               
               <set id="zoftDocSet" appearance="bordered-panel" label-id="form.set.label.zs.offerLetter"/>
                    <field id="zs:technology"  label-id="form.field.label.zs.technology" set="zoftDocSet">
                        <control template="/org/alfresco/components/form/controls/textfield.ftl"/>
                    </field>
                <field id="zs:salary" label-id="form.field.label.zs.salary" set="zoftDocSet"/>
            </appearance>
         </form>

         <!-- Document Library pop-up Edit Metadata form -->
         <form id="doclib-simple-metadata">
            <field-visibility>
               <show id="cm:name" />
               <show id="cm:title" force="true" />
               <show id="cm:description" force="true" />
               <!-- tags and categories -->
               <show id="cm:taggable" for-mode="edit" force="true" />
               <show id="cm:categories" />
               
               <show id="zs:technology"/>
               <show id="zs:salary"/>
               
               
            </field-visibility>
            <edit-form template="../documentlibrary/forms/doclib-simple-metadata.ftl" />
            <appearance>
               <field id="cm:name">
                 <control>
                    <control-param name="maxLength">255</control-param>
                 </control>
               </field>
               <field id="cm:title">
                  <control template="/org/alfresco/components/form/controls/textfield.ftl" />
               </field>
               <field id="cm:description">
                  <control>
                     <control-param name="activateLinks">true</control-param>
                  </control>
               </field>
               <field id="cm:taggable">
                  <control>
                     <control-param name="compactMode">true</control-param>
                     <control-param name="params">aspect=cm:taggable</control-param>
                     <control-param name="createNewItemUri">/api/tag/workspace/SpacesStore</control-param>
                     <control-param name="createNewItemIcon">tag</control-param>
                  </control>
               </field>
               <field id="cm:categories">
                  <control>
                     <control-param name="compactMode">true</control-param>
                  </control>
               </field>
               
                 <set id="zoftDocSet" appearance="bordered-panel" label-id="form.set.label.zs.offerLetter"/>
                    <field id="zs:technology"  label-id="form.field.label.zs.technology" set="zoftDocSet">
                        <control template="/org/alfresco/components/form/controls/textfield.ftl"/>
                    </field>
                <field id="zs:salary" label-id="form.field.label.zs.salary" set="zoftDocSet"/>
            </appearance>
         </form>
         
         <!-- Document Library Inline Edit form -->
         <form id="doclib-inline-edit">
            <field-visibility>
               <show id="cm:name" />
               <show id="cm:content" force="true" />
               <show id="cm:title" force="true" />
               <show id="cm:description" force="true" />
               
               <show id="zs:technology"/>
               <show id="zs:salary"/>
               
            </field-visibility>
            <appearance>
               <field id="cm:name">
                 <control>
                    <control-param name="maxLength">255</control-param>
                 </control>
               </field>
               <field id="cm:title">
                  <control template="/org/alfresco/components/form/controls/textfield.ftl" />
               </field>
               <field id="cm:content" label-id="">
                  <control>
                     <control-param name="editorAppearance">explorer</control-param>
                     <control-param name="forceEditor">true</control-param>
                  </control>
               </field>
            </appearance>
         </form>
      </forms>
   </config>
   
   
   <!-- cm:content type (creating nodes) -->
   <config evaluator="model-type" condition="zs:offerLetter">
      <forms>
         <!-- Default Create Content form -->
         <form>
            <field-visibility>
               <show id="cm:name" />
               <show id="cm:content" force="true" />
               <show id="cm:title" force="true" />
               <show id="cm:description" force="true" />
               <show id="mimetype" />
               <show id="app:editInline" force="true" />
               
               <show id="zs:technology"/>
               <show id="zs:salary"/>
               
            </field-visibility>
            <appearance>
               <field id="cm:name">
                 <control>
                    <control-param name="maxLength">255</control-param>
                 </control>
               </field>
               <field id="cm:title">
                  <control template="/org/alfresco/components/form/controls/textfield.ftl" />
               </field>
               <field id="cm:content" label-id="">
                  <control>
                     <control-param name="editorAppearance">explorer</control-param>
                  </control>
               </field>
               <field id="mimetype">
                  <control template="/org/alfresco/components/form/controls/hidden.ftl">
                     <control-param name="contextProperty">mimeType</control-param>
                  </control>
               </field>
               <field id="app:editInline">
                  <control template="/org/alfresco/components/form/controls/hidden.ftl">
                     <control-param name="contextProperty">editInline</control-param>
                  </control>
               </field>
            </appearance>
         </form>
         <!-- Search form -->
         <form id="search">
            <field-visibility>
               <show id="cm:name" />
               <show id="cm:title" force="true" />
               <show id="cm:description" force="true" />
               <show id="mimetype" />
               <show id="cm:modified" />
               <show id="cm:modifier" />
               
               
               <show id="zs:technology"/>
               <show id="zs:salary"/>
               
            </field-visibility>
            <appearance>
               <field id="mimetype">
                  <control template="/org/alfresco/components/form/controls/mimetype.ftl" />
               </field>
               <field id="cm:modifier">
                  <control>
                     <control-param name="forceEditable">true</control-param>
                  </control>
               </field>
               <field id="cm:modified">
                  <control template="/org/alfresco/components/form/controls/daterange.ftl" />
               </field>
               
               <set id="zoftDocSet" appearance="bordered-panel" label-id="form.set.label.zs.offerLetter"/>
                    <field id="zs:technology"  label-id="form.field.label.zs.technology" set="zoftDocSet">
                        <control template="/org/alfresco/components/form/controls/textfield.ftl"/>
                    </field>
                <field id="zs:salary" label-id="form.field.label.zs.salary" set="zoftDocSet"/>
            </appearance>
         </form>
      </forms>
   </config>
   
   
   <config evaluator="aspect" condition="zs:employeeDetails">
        <forms>
            <!-- Default form for view and edit properties -->
            <form>
                <field-visibility>
                    <show id="zs:employeeName" />
                      <show id="zs:education" />
                </field-visibility>
                <appearance>
                    <set id="zoftSet" appearance="bordered-panel" label-id="form.set.label.zs.employeeDetails"/>
                     <set id="zoftSet2" appearance="bordered-panel" label-id="form.set.label.zs.employeeDetails"/>
                      
                    <field id="zs:employeeName" label-id="form.field.label.zs.employeeName" set="zoftSet" />
                     <field id="zs:education" label-id="form.field.label.zs.education" set="zoftSet2" />
                </appearance>
            </form>
        </forms>
    </config>
   
   
   <config evaluator="string-compare" condition="DocumentLibrary">
        <aspects>
            <visible>
                <aspect name="zs:employeeDetails"/>              
            </visible>
            <addable> <!-- defaults to visible config -->
            </addable>
            <removeable> <!-- defaults to visible config -->
            </removeable>
        </aspects>
        <types>            
            <!-- First define the ACME base doc type as decedent from cm:content -->
            <type name="cm:content">
                <subtype name="zs:offerLetter"/>
            </type> 
              <type name="zs:offerLetter">
                <subtype name="zs:offerLettertwo"/>
            </type>          
        </types>
    </config>
   
   
    <config evaluator="string-compare" condition="AdvancedSearch" replace="true">
        <advanced-search>
            <forms>
                <form labelId="zsOfferLetter"
                      descriptionId="Search of ZSOfferLetter">zs:offerLetter
                </form>               
            </forms>
        </advanced-search>
    </config>
    
    
    
    <!-- Activiti Hello World UI Workflow Definition -->
    <config evaluator="string-compare" condition="activiti$helloWorldUI">
      <forms>
         <form>
            <field-visibility>
               <show id="bpm:workflowDescription" />
               <show id="packageItems" />
               <show id="scwf:helloName" />
               <show id="transitions" />
               <show id="bpm:status" />
            </field-visibility>
            <appearance>
               <set id="" appearance="title" label-id="workflow.set.general" />
               <set id="items" appearance="title" label-id="workflow.set.items" />
 			   <set id="progress" appearance="title" label-id="workflow.set.task.progress" />
               <set id="other" appearance="title" label-id="workflow.set.other" />
               
               <field id="bpm:workflowDescription" label-id="workflow.field.message">
                  <control template="/org/alfresco/components/form/controls/textarea.ftl">
                     <control-param name="style">width: 95%</control-param>
                  </control>
               </field>
               <field id="packageItems" set="items" />
               <field id="scwf:helloName" set="other" />
               <field id="bpm:status" set="progress" />
            </appearance>
         </form>
      </forms>
    </config>
   
   
   
   
   
   
    <!--
        Activiti Invoice Approval and Payment Preparation Workflow
            - Start Task Form
            -->
    <config evaluator="string-compare" condition="activiti$invoiceProcess">
        <forms>
            <form>
                <field-visibility>
                    <show id="bpm:workflowDescription" />
                    <show id="bpm:workflowDueDate" />
                    <show id="bpm:workflowPriority" />
                    <show id="bpm:assignee" />
                    <show id="packageItems" />
                    <show id="bpm:sendEMailNotifications" />
                </field-visibility>
                <appearance>
                    <set id="" appearance="title" label-id="workflow.set.general" />
                    <set id="info" appearance="" template="/org/alfresco/components/form/2-column-set.ftl" />
                    <set id="assignee" appearance="title" label-id="invoiceProcess.workflow.set.assignee" />
                    <set id="items" appearance="title" label-id="workflow.set.items" />
                    <set id="other" appearance="title" label-id="workflow.set.other" />

                    <field id="bpm:workflowDescription" label-id="workflow.field.message">
                        <control template="/org/alfresco/components/form/controls/textarea.ftl">
                            <control-param name="style">width: 95%</control-param>
                        </control>
                    </field>
                    <field id="bpm:workflowDueDate" label-id="workflow.field.due" set="info">
                        <control template="/org/alfresco/components/form/controls/date.ftl">
                            <control-param name="showTime">false</control-param>
                            <control-param name="submitTime">false</control-param>
                        </control>
                    </field>
                    <field id="bpm:workflowPriority" label-id="workflow.field.priority" set="info">
                        <control template="/org/alfresco/components/form/controls/workflow/priority.ftl" />
                    </field>
                    <field id="bpm:assignee" label-id="invoiceProcess.workflow.field.approver" set="assignee" />
                    <field id="packageItems" set="items" />
                    <field id="bpm:sendEMailNotifications" set="other">
                        <control template="/org/alfresco/components/form/controls/workflow/email-notification.ftl" />
                    </field>
                </appearance>
            </form>
        </forms>
    </config>

    <!--
        Activiti Invoice Approval and Payment Preparation Workflow
        - Approve Invoice Task Form
        -->
    <config evaluator="task-type" condition="acmew:approveInvoiceTask">
        <forms>
            <form>
                <field-visibility>
                    <show id="message" />
                    <show id="taskOwner" />
                    <show id="bpm:priority" />
                    <show id="bpm:dueDate" />
                    <show id="bpm:taskId" />
                    <show id="bpm:status" />
                    <show id="packageItems" />
                    <show id="bpm:comment" />

                    <show id="acmew:invoiceApprovalOutcome" />
                </field-visibility>
                <appearance>
                    <set id="" appearance="title" label-id="workflow.set.task.info" />
                    <set id="info" appearance="" template="/org/alfresco/components/form/3-column-set.ftl" />
                    <set id="progress" appearance="title" label-id="workflow.set.task.progress" />
                    <set id="items" appearance="title" label-id="workflow.set.items" />
                    <set id="response" appearance="title" label-id="workflow.set.response" />

                    <field id="message">
                        <control template="/org/alfresco/components/form/controls/info.ftl" />
                    </field>
                    <field id="taskOwner" set="info" />
                    <field id="bpm:taskId" set="info">
                        <control template="/org/alfresco/components/form/controls/info.ftl" />
                    </field>
                    <field id="bpm:priority" set="info" read-only="true">
                        <control template="/org/alfresco/components/form/controls/workflow/priority.ftl" />
                    </field>
                    <field id="bpm:dueDate" set="info" label-id="workflow.field.due">
                        <control template="/org/alfresco/components/form/controls/info.ftl" />
                    </field>
                    <field id="bpm:status" set="progress" />
                    <field id="packageItems" set="items" />
                    <field id="bpm:comment" label-id="workflow.field.comment" set="response">
                        <control template="/org/alfresco/components/form/controls/textarea.ftl" />
                    </field>
                    <field id="acmew:invoiceApprovalOutcome" label-id="workflow.field.outcome" set="response">
                        <control template="/org/alfresco/components/form/controls/workflow/activiti-transitions.ftl" />
                    </field>
                </appearance>
            </form>
        </forms>
    </config>

    <!--
        Activiti Invoice Approval and Payment Preparation Workflow
        - Clarify Invoice Task Form
        -->
    <config evaluator="task-type" condition="acmew:clarifyInvoiceTask">
        <forms>
            <form>
                <field-visibility>
                    <show id="message" />
                    <show id="taskOwner" />
                    <show id="bpm:priority" />
                    <show id="bpm:dueDate" />
                    <show id="bpm:taskId" />
                    <show id="bpm:status" />
                    <show id="packageItems" />
                    <show id="bpm:comment" />

                    <show id="acmew:clarifyInvoiceOutcome" />
                </field-visibility>
                <appearance>
                    <set id="" appearance="title" label-id="workflow.set.task.info" />
                    <set id="info" appearance="" template="/org/alfresco/components/form/3-column-set.ftl" />
                    <set id="progress" appearance="title" label-id="workflow.set.task.progress" />
                    <set id="items" appearance="title" label-id="workflow.set.items" />
                    <set id="response" appearance="title" label-id="workflow.set.response" />

                    <field id="message">
                        <control template="/org/alfresco/components/form/controls/info.ftl" />
                    </field>
                    <field id="taskOwner" set="info" />
                    <field id="bpm:taskId" set="info">
                        <control template="/org/alfresco/components/form/controls/info.ftl" />
                    </field>
                    <field id="bpm:priority" set="info" read-only="true">
                        <control template="/org/alfresco/components/form/controls/workflow/priority.ftl" />
                    </field>
                    <field id="bpm:dueDate" set="info" label-id="workflow.field.due">
                        <control template="/org/alfresco/components/form/controls/info.ftl" />
                    </field>
                    <field id="bpm:status" set="progress" />
                    <field id="packageItems" set="items" />
                    <field id="bpm:comment" label-id="workflow.field.comment" set="response">
                        <control template="/org/alfresco/components/form/controls/textarea.ftl" />
                    </field>
                    <field id="acmew:clarifyInvoiceOutcome" label-id="workflow.field.outcome" set="response">
                        <control template="/org/alfresco/components/form/controls/workflow/activiti-transitions.ftl" />
                    </field>
                </appearance>
            </form>
        </forms>
    </config>

    <!--
        Activiti Invoice Approval and Payment Preparation Workflow
        - Prepare Payment Task Form
        -->
    <config evaluator="task-type" condition="acmew:preparePaymentTask">
        <forms>
            <form>
                <field-visibility>
                    <show id="message" />
                    <show id="taskOwner" />
                    <show id="bpm:priority" />
                    <show id="bpm:dueDate" />
                    <show id="bpm:taskId" />
                    <show id="bpm:status" />
                    <show id="packageItems" />
                    <show id="bpm:comment" />
                    <show id="transitions" />
                </field-visibility>
                <appearance>
                    <set id="" appearance="title" label-id="workflow.set.task.info" />
                    <set id="info" appearance="" template="/org/alfresco/components/form/3-column-set.ftl" />
                    <set id="progress" appearance="title" label-id="workflow.set.task.progress" />
                    <set id="items" appearance="title" label-id="workflow.set.items" />
                    <set id="response" appearance="title" label-id="workflow.set.response" />

                    <field id="message">
                        <control template="/org/alfresco/components/form/controls/info.ftl" />
                    </field>
                    <field id="taskOwner" set="info" />
                    <field id="bpm:taskId" set="info">
                        <control template="/org/alfresco/components/form/controls/info.ftl" />
                    </field>
                    <field id="bpm:priority" set="info" read-only="true">
                        <control template="/org/alfresco/components/form/controls/workflow/priority.ftl" />
                    </field>
                    <field id="bpm:dueDate" set="info" label-id="workflow.field.due">
                        <control template="/org/alfresco/components/form/controls/info.ftl" />
                    </field>
                    <field id="bpm:status" set="progress" />
                    <field id="packageItems" set="items" />
                    <field id="bpm:comment" label-id="workflow.field.comment" set="response">
                        <control template="/org/alfresco/components/form/controls/textarea.ftl" />
                    </field>
                    <field id="transitions" set="response" />
                </appearance>
            </form>
        </forms>
    </config>
   
   
   
 </alfresco-config>